{"cameraMode":{"drawMode":0,"name":"Shaded","section":"Shading Mode"},"sceneLighting":false,"audioPlay":false,"sceneViewState":{"showFog":true,"showMaterialUpdate":false,"showSkybox":false,"showFlares":true,"showImageEffects":true,"showParticleSystems":true},"in2DMode":false,"pivot":{"x":7.706169605255127,"y":15.256257057189942,"z":4.633395195007324},"rotation":{"x":0.24082571268081666,"y":-0.34175512194633486,"z":0.0910600796341896,"w":0.903833270072937},"size":6.1154561042785648,"orthographic":false}