{"cameraMode":{"drawMode":0,"name":"Shaded","section":"Shading Mode"},"sceneLighting":false,"audioPlay":false,"sceneViewState":{"showFog":true,"showMaterialUpdate":false,"showSkybox":true,"showFlares":true,"showImageEffects":true,"showParticleSystems":true},"in2DMode":false,"pivot":{"x":-21.742958068847658,"y":-50.60113525390625,"z":55.84181213378906},"rotation":{"x":0.3981403410434723,"y":-0.22206167876720429,"z":0.09996728599071503,"w":0.8844090700149536},"size":110.77853393554688,"orthographic":false}